{
  "pdf_processing_times": {
    "module5 software.pdf": 0.09396052360534668,
    "hrpolicymanual.pdf": 0.10609650611877441,
    "DPMHandbook_Feb_2023.pdf": 0.0471041202545166,
    "eehandbook.pdf": 0.06050515174865723
  },
  "vlm_caption_times": [],
  "index_creation_times": {
    "module5 software.pdf": 0.6141817569732666,
    "hrpolicymanual.pdf": 1.1471278667449951,
    "DPMHandbook_Feb_2023.pdf": 0.3766000270843506,
    "eehandbook.pdf": 0.5383718013763428
  },
  "summarization_times": {},
  "query_times": []
}