{
  "pdf_processing_times": {
    "module5 software.pdf": 0.0804300308227539,
    "hrpolicymanual.pdf": 0.10660886764526367,
    "DPMHandbook_Feb_2023.pdf": 0.04768514633178711,
    "eehandbook.pdf": 0.05923819541931152
  },
  "vlm_caption_times": [],
  "index_creation_times": {
    "module5 software.pdf": 1.4126482009887695,
    "hrpolicymanual.pdf": 2.807903528213501,
    "DPMHandbook_Feb_2023.pdf": 0.8379075527191162,
    "eehandbook.pdf": 1.2536695003509521
  },
  "summarization_times": {},
  "query_times": []
}