{
  "pdf_processing_times": {
    "module5 software.pdf": 0.11114931106567383,
    "hrpolicymanual.pdf": 0.10619378089904785,
    "DPMHandbook_Feb_2023.pdf": 0.04712510108947754,
    "eehandbook.pdf": 0.05923938751220703
  },
  "vlm_caption_times": [],
  "index_creation_times": {
    "module5 software.pdf": 0.610318660736084,
    "hrpolicymanual.pdf": 1.1492397785186768,
    "DPMHandbook_Feb_2023.pdf": 0.37739992141723633,
    "eehandbook.pdf": 0.5395925045013428
  },
  "summarization_times": {},
  "query_times": []
}