{
  "pdf_processing_times": {
    "module5 software.pdf": 0.5242743492126465,
    "hrpolicymanual.pdf": 0.10878920555114746,
    "DPMHandbook_Feb_2023.pdf": 0.047280073165893555,
    "eehandbook.pdf": 0.0602719783782959
  },
  "vlm_caption_times": [],
  "index_creation_times": {
    "module5 software.pdf": 0.3198976516723633,
    "hrpolicymanual.pdf": 0.5796983242034912,
    "DPMHandbook_Feb_2023.pdf": 0.19106101989746094,
    "eehandbook.pdf": 0.3470792770385742
  },
  "summarization_times": {},
  "query_times": []
}