{
  "pdf_processing_times": {
    "hrpolicymanual.pdf": 0.13883614540100098,
    "DPMHandbook_Feb_2023.pdf": 0.046956539154052734,
    "eehandbook.pdf": 0.05961132049560547
  },
  "vlm_caption_times": [],
  "index_creation_times": {
    "hrpolicymanual.pdf": 0.7645630836486816,
    "DPMHandbook_Feb_2023.pdf": 0.18852639198303223,
    "eehandbook.pdf": 0.3447263240814209
  },
  "summarization_times": {},
  "query_times": []
}