{
  "pdf_processing_times": {
    "module5 software.pdf": 0.08016371726989746,
    "hrpolicymanual.pdf": 0.10625267028808594,
    "DPMHandbook_Feb_2023.pdf": 0.04704999923706055,
    "eehandbook.pdf": 0.05949664115905762
  },
  "vlm_caption_times": [],
  "index_creation_times": {
    "module5 software.pdf": 0.6026482582092285,
    "hrpolicymanual.pdf": 1.1489970684051514,
    "DPMHandbook_Feb_2023.pdf": 0.3771796226501465,
    "eehandbook.pdf": 0.5390434265136719
  },
  "summarization_times": {},
  "query_times": []
}